-- MySQL dump 10.13  Distrib 8.3.0, for Win64 (x86_64)
--
-- Host: localhost    Database: worknest
-- ------------------------------------------------------
-- Server version	8.3.0

/*!40101 SET @OLD_CHARACTER_SET_CLIENT=@@CHARACTER_SET_CLIENT */;
/*!40101 SET @OLD_CHARACTER_SET_RESULTS=@@CHARACTER_SET_RESULTS */;
/*!40101 SET @OLD_COLLATION_CONNECTION=@@COLLATION_CONNECTION */;
/*!50503 SET NAMES utf8mb4 */;
/*!40103 SET @OLD_TIME_ZONE=@@TIME_ZONE */;
/*!40103 SET TIME_ZONE='+00:00' */;
/*!40014 SET @OLD_UNIQUE_CHECKS=@@UNIQUE_CHECKS, UNIQUE_CHECKS=0 */;
/*!40014 SET @OLD_FOREIGN_KEY_CHECKS=@@FOREIGN_KEY_CHECKS, FOREIGN_KEY_CHECKS=0 */;
/*!40101 SET @OLD_SQL_MODE=@@SQL_MODE, SQL_MODE='NO_AUTO_VALUE_ON_ZERO' */;
/*!40111 SET @OLD_SQL_NOTES=@@SQL_NOTES, SQL_NOTES=0 */;

--
-- Table structure for table `comments`
--

DROP TABLE IF EXISTS `comments`;
/*!40101 SET @saved_cs_client     = @@character_set_client */;
/*!50503 SET character_set_client = utf8mb4 */;
CREATE TABLE `comments` (
  `comment_id` int NOT NULL AUTO_INCREMENT,
  `postid` int DEFAULT NULL,
  `user_id` varchar(255) DEFAULT NULL,
  `comment_text` text,
  `comment_date` timestamp NULL DEFAULT CURRENT_TIMESTAMP,
  PRIMARY KEY (`comment_id`),
  KEY `postid` (`postid`),
  KEY `user_id` (`user_id`),
  CONSTRAINT `comments_ibfk_1` FOREIGN KEY (`postid`) REFERENCES `worknestposts` (`postid`),
  CONSTRAINT `comments_ibfk_2` FOREIGN KEY (`user_id`) REFERENCES `worknestusers` (`id`)
) ENGINE=InnoDB AUTO_INCREMENT=54 DEFAULT CHARSET=utf8mb4 COLLATE=utf8mb4_0900_ai_ci;
/*!40101 SET character_set_client = @saved_cs_client */;

--
-- Dumping data for table `comments`
--

LOCK TABLES `comments` WRITE;
/*!40000 ALTER TABLE `comments` DISABLE KEYS */;
INSERT INTO `comments` VALUES (1,46,NULL,'heloo worlld','2024-08-01 13:46:12'),(2,46,'16','BEAUTIFULL NATURE','2024-08-01 13:59:33'),(3,47,'16','how much is this??','2024-08-01 15:52:32'),(4,47,'16','i like it≡ƒæî≡ƒæî','2024-08-01 15:53:51'),(5,44,'16','brighter','2024-08-01 16:37:03'),(6,44,'16','more brighter','2024-08-01 16:37:12'),(7,46,'16','beautifull nature','2024-08-01 16:54:43'),(8,45,'16','i want┬á you too','2024-08-01 16:55:33'),(9,47,'15','excellent','2024-08-01 16:56:16'),(10,34,'16','first one','2024-08-01 17:07:24'),(11,47,'15','i see','2024-08-01 18:31:11'),(12,48,'15','hy','2024-08-01 18:33:08'),(13,49,'16','what?','2024-08-01 18:34:04'),(14,49,'16','hey','2024-08-01 18:34:17'),(15,50,'15','mmmmmmmmmmmmmm','2024-08-02 06:30:54'),(16,52,'12','wertwertwe','2024-08-02 06:36:34'),(17,54,'15','heavy machine','2024-08-02 06:53:14'),(18,54,'15','i like it','2024-08-02 06:53:27'),(19,54,'12','hey you','2024-08-02 06:54:23'),(20,54,'16','wow','2024-08-02 07:29:26'),(21,54,'16','mmmmh','2024-08-02 07:31:41'),(22,54,'16','etyertyer','2024-08-02 07:33:31'),(23,53,'16','The error you\'re encountering occurs because','2024-08-02 07:35:28'),(24,53,'16','The error you\'re encountering occurs because','2024-08-02 07:38:18'),(25,54,'16','nofication-container','2024-08-02 07:41:18'),(26,53,'12','nofication-container','2024-08-02 07:41:54'),(27,55,'15','wow','2024-08-02 07:44:52'),(28,55,'12','b','2024-08-02 07:45:34'),(29,55,'12','gg','2024-08-02 07:46:19'),(30,55,'15','isee','2024-08-02 07:46:35'),(31,55,'15','heloo there','2024-08-02 08:09:27'),(32,50,'12','The issue in your savenotification function is that you\'re trying to use placeholders for values directly in the SQL query string instead of using parameterized queries. This can lead to SQL syntax errors and potential security risks like SQL injection.','2024-08-02 09:32:18'),(33,50,'12','Committing Transactions: Call mydb.commit() after executing the INSERT statement to ensure that changes are saved to the database.Exception Handling: The except block catches and prints any exceptions that occur during the execution of the query.','2024-08-02 09:34:15'),(34,37,'15','hy','2024-08-02 10:37:23'),(35,53,'15','fetchnotifications(state, userid)','2024-08-02 10:54:30'),(36,57,'12','opop[o[','2024-08-02 12:13:28'),(37,57,'12','kkkk','2024-08-02 12:17:07'),(38,34,'12','riririruiyu','2024-08-02 12:18:37'),(39,34,'12','mmh','2024-08-02 12:18:44'),(40,35,'12','hy','2024-08-02 12:19:24'),(41,43,'12','big car,mydb and mycursor are correctly initialized.get_user_by_postid and get_user_by_id are implemented correctly.Proper error handling and logging are in place.','2024-08-02 12:22:51'),(42,37,'15','rrr','2024-08-02 12:27:48'),(44,56,'12','dghdfghdfg','2024-08-02 12:50:29'),(45,54,'15','likeinfo[2]likeinfo[2]likeinfo[2]','2024-08-02 14:22:52'),(46,50,'15','savenotification Function:Inserts the notification into the notifications table.Retrieves the notyid and registration_date for the inserted notification.Returns None, None in case of an error for proper handling in the calling function.savechats Function:Ensures that the sendmessage endpoint is correctly named.Uses savenotification to save the notification and retrieve the notyid and registration_date.Emits the notifier event to the specified room if the host is different from the user who made the comment.Properly logs errors and returns JSON responses.Database and SocketIO Configuration:Ensure the database connection and cursor are correctly managed.Properly set up the Flask and SocketIO instances.This code ensures that notifications','2024-08-02 14:28:19'),(47,49,'15','hhhhhhhhhhhhhhhhhhhhhhhhhhhhhhhhhhhhhhhhhhhhhhhhhhhhhhhhhhhhhhhhhhhhhhhhhhhhhhhhhhhhhhhhhhhhhhhhhhhhhhhhhhhhhhhhhhhhhhhhhhhhhhhhhhhhhhhhhhhh','2024-08-02 14:29:10'),(48,50,'12','hy','2024-08-02 19:35:33'),(49,61,'15','wow','2024-08-02 19:58:46'),(50,62,'15','nice gallery','2024-08-02 20:41:23'),(51,62,'12','≡ƒÿÄ≡ƒÿÄ≡ƒÿÄ','2024-08-02 20:43:30'),(52,63,'12','WELL','2024-08-10 13:10:32'),(53,1,'15','gdfgsdfgdfg','2024-09-09 07:43:54');
/*!40000 ALTER TABLE `comments` ENABLE KEYS */;
UNLOCK TABLES;

--
-- Table structure for table `likes`
--

DROP TABLE IF EXISTS `likes`;
/*!40101 SET @saved_cs_client     = @@character_set_client */;
/*!50503 SET character_set_client = utf8mb4 */;
CREATE TABLE `likes` (
  `like_id` int NOT NULL AUTO_INCREMENT,
  `postid` int DEFAULT NULL,
  `user_id` varchar(255) DEFAULT NULL,
  `registration_date` timestamp NULL DEFAULT CURRENT_TIMESTAMP,
  PRIMARY KEY (`like_id`),
  KEY `postid` (`postid`),
  KEY `user_id` (`user_id`),
  CONSTRAINT `likes_ibfk_1` FOREIGN KEY (`postid`) REFERENCES `worknestposts` (`postid`),
  CONSTRAINT `likes_ibfk_2` FOREIGN KEY (`user_id`) REFERENCES `worknestusers` (`id`)
) ENGINE=InnoDB AUTO_INCREMENT=110 DEFAULT CHARSET=utf8mb4 COLLATE=utf8mb4_0900_ai_ci;
/*!40101 SET character_set_client = @saved_cs_client */;

--
-- Dumping data for table `likes`
--

LOCK TABLES `likes` WRITE;
/*!40000 ALTER TABLE `likes` DISABLE KEYS */;
INSERT INTO `likes` VALUES (1,11,'12','2024-08-02 12:39:57'),(2,11,'12','2024-08-02 12:39:57'),(3,12,'12','2024-08-02 12:39:57'),(4,12,'12','2024-08-02 12:39:57'),(5,12,'12','2024-08-02 12:39:57'),(6,12,'12','2024-08-02 12:39:57'),(7,12,'12','2024-08-02 12:39:57'),(11,13,'12','2024-08-02 12:39:57'),(12,14,'12','2024-08-02 12:39:57'),(19,27,'15','2024-08-02 12:39:57'),(20,23,'12','2024-08-02 12:39:57'),(21,2,'12','2024-08-02 12:39:57'),(22,38,'15','2024-08-02 12:39:57'),(26,39,'16','2024-08-02 12:39:57'),(27,37,'16','2024-08-02 12:39:57'),(28,36,'16','2024-08-02 12:39:57'),(29,37,'16','2024-08-02 12:39:57'),(30,37,'16','2024-08-02 12:39:57'),(31,37,'16','2024-08-02 12:39:57'),(32,35,'16','2024-08-02 12:39:57'),(36,27,'12','2024-08-02 12:39:57'),(39,41,'15','2024-08-02 12:39:57'),(40,41,'108791275357246575014','2024-08-02 12:39:57'),(42,42,'15','2024-08-02 12:39:57'),(43,42,'108791275357246575014','2024-08-02 12:39:57'),(44,40,'108791275357246575014','2024-08-02 12:39:57'),(45,41,'16','2024-08-02 12:39:57'),(46,13,'16','2024-08-02 12:39:57'),(47,47,'15','2024-08-02 12:39:57'),(48,44,'12','2024-08-02 12:39:57'),(49,42,'12','2024-08-02 12:39:57'),(50,47,'16','2024-08-02 12:39:57'),(51,44,'16','2024-08-02 12:39:57'),(52,49,'12','2024-08-02 12:39:57'),(56,44,'15','2024-08-02 12:39:57'),(58,31,'16','2024-08-02 12:39:57'),(60,34,'16','2024-08-02 12:39:57'),(61,40,'16','2024-08-02 12:39:57'),(62,55,'15','2024-08-02 12:39:57'),(63,49,'15','2024-08-02 12:39:57'),(64,38,'16','2024-08-02 12:39:57'),(65,32,'16','2024-08-02 12:39:57'),(66,33,'16','2024-08-02 12:39:57'),(67,31,'15','2024-08-02 12:39:57'),(69,50,'12','2024-08-02 12:39:57'),(70,52,'16','2024-08-02 12:39:57'),(71,50,'16','2024-08-02 12:39:57'),(74,48,'16','2024-08-02 12:39:57'),(75,54,'12','2024-08-02 12:39:57'),(76,31,'12','2024-08-02 12:39:57'),(78,36,'12','2024-08-02 12:39:57'),(79,35,'12','2024-08-02 12:39:57'),(83,37,'15','2024-08-02 12:39:57'),(84,51,'15','2024-08-02 12:39:57'),(86,52,'15','2024-08-02 12:39:57'),(90,56,'12','2024-08-02 12:50:22'),(92,62,'15','2024-08-02 20:41:07'),(93,62,'12','2024-08-02 20:44:48'),(94,43,'12','2024-08-03 21:49:40'),(96,63,'12','2024-08-10 13:10:12'),(103,39,'15','2024-08-26 08:43:57'),(105,1,'15','2024-09-09 07:43:47'),(106,57,'15','2024-09-09 07:44:12'),(107,59,'15','2024-11-01 07:53:34'),(108,59,'15','2024-11-01 07:53:37'),(109,59,'15','2024-11-01 07:53:37');
/*!40000 ALTER TABLE `likes` ENABLE KEYS */;
UNLOCK TABLES;

--
-- Table structure for table `notifications`
--

DROP TABLE IF EXISTS `notifications`;
/*!40101 SET @saved_cs_client     = @@character_set_client */;
/*!50503 SET character_set_client = utf8mb4 */;
CREATE TABLE `notifications` (
  `notyid` int NOT NULL AUTO_INCREMENT,
  `user_id` varchar(255) NOT NULL,
  `hostid` varchar(255) NOT NULL,
  `postid` int NOT NULL,
  `type` enum('like','comment','follow','chat') NOT NULL,
  `state` enum('read','unread') DEFAULT 'unread',
  `content` varchar(255) DEFAULT NULL,
  `url` varchar(255) DEFAULT NULL,
  `seen_at` timestamp NULL DEFAULT NULL,
  `importance` enum('low','medium','high') DEFAULT 'medium',
  `registration_date` timestamp NULL DEFAULT CURRENT_TIMESTAMP,
  PRIMARY KEY (`notyid`),
  KEY `user_id` (`user_id`),
  KEY `hostid` (`hostid`),
  KEY `postid` (`postid`),
  CONSTRAINT `notifications_ibfk_1` FOREIGN KEY (`user_id`) REFERENCES `worknestusers` (`id`),
  CONSTRAINT `notifications_ibfk_2` FOREIGN KEY (`hostid`) REFERENCES `worknestusers` (`id`),
  CONSTRAINT `notifications_ibfk_3` FOREIGN KEY (`postid`) REFERENCES `worknestposts` (`postid`)
) ENGINE=InnoDB AUTO_INCREMENT=58 DEFAULT CHARSET=utf8mb4 COLLATE=utf8mb4_0900_ai_ci;
/*!40101 SET character_set_client = @saved_cs_client */;

--
-- Dumping data for table `notifications`
--

LOCK TABLES `notifications` WRITE;
/*!40000 ALTER TABLE `notifications` DISABLE KEYS */;
INSERT INTO `notifications` VALUES (1,'12','15',50,'comment','read',NULL,NULL,NULL,'medium','2024-08-02 09:32:18'),(2,'12','15',50,'like','read',NULL,NULL,NULL,'medium','2024-08-02 09:33:01'),(3,'12','15',50,'like','read',NULL,NULL,NULL,'medium','2024-08-02 09:34:08'),(4,'12','15',50,'comment','read',NULL,NULL,NULL,'medium','2024-08-02 09:34:15'),(5,'16','12',52,'like','read',NULL,NULL,NULL,'medium','2024-08-02 10:28:44'),(6,'16','15',50,'like','read',NULL,NULL,NULL,'medium','2024-08-02 10:29:25'),(7,'16','15',48,'like','unread',NULL,NULL,NULL,'medium','2024-08-02 10:32:27'),(8,'16','15',48,'like','read',NULL,NULL,NULL,'medium','2024-08-02 10:32:35'),(9,'16','15',48,'like','read',NULL,NULL,NULL,'medium','2024-08-02 10:32:38'),(10,'12','15',54,'like','read',NULL,NULL,NULL,'medium','2024-08-02 10:32:48'),(11,'15','12',37,'comment','unread',NULL,NULL,NULL,'medium','2024-08-02 10:37:23'),(12,'12','15',31,'like','read',NULL,NULL,NULL,'medium','2024-08-02 11:23:07'),(13,'12','15',35,'like','unread',NULL,NULL,NULL,'medium','2024-08-02 11:23:17'),(14,'12','15',36,'like','read',NULL,NULL,NULL,'medium','2024-08-02 11:23:45'),(15,'12','15',35,'like','read',NULL,NULL,NULL,'medium','2024-08-02 11:23:50'),(16,'15','12',37,'like','unread',NULL,NULL,NULL,'medium','2024-08-02 11:25:57'),(17,'15','12',37,'like','unread',NULL,NULL,NULL,'medium','2024-08-02 11:26:00'),(18,'15','12',37,'like','unread',NULL,NULL,NULL,'medium','2024-08-02 11:26:07'),(19,'15','12',37,'like','unread',NULL,NULL,NULL,'medium','2024-08-02 11:26:11'),(20,'15','12',51,'like','unread',NULL,NULL,NULL,'medium','2024-08-02 11:26:26'),(21,'15','12',52,'like','unread',NULL,NULL,NULL,'medium','2024-08-02 11:51:25'),(22,'12','16',57,'comment','unread',NULL,NULL,NULL,'medium','2024-08-02 12:13:28'),(23,'12','16',57,'comment','unread',NULL,NULL,NULL,'medium','2024-08-02 12:17:08'),(24,'12','15',34,'comment','read',NULL,NULL,NULL,'medium','2024-08-02 12:18:37'),(25,'12','15',34,'comment','read',NULL,NULL,NULL,'medium','2024-08-02 12:18:44'),(26,'12','15',35,'comment','read',NULL,NULL,NULL,'medium','2024-08-02 12:19:24'),(27,'12','15',43,'comment','read',NULL,NULL,NULL,'medium','2024-08-02 12:22:51'),(28,'15','12',37,'comment','read',NULL,NULL,NULL,'medium','2024-08-02 12:27:48'),(29,'15','12',52,'like','read',NULL,NULL,NULL,'medium','2024-08-02 12:34:26'),(30,'12','16',56,'like','unread',NULL,NULL,NULL,'medium','2024-08-02 12:50:22'),(31,'12','16',56,'comment','unread',NULL,NULL,NULL,'medium','2024-08-02 12:50:29'),(32,'15','15',54,'comment','read',NULL,NULL,NULL,'medium','2024-08-02 14:22:53'),(33,'15','15',50,'comment','read',NULL,NULL,NULL,'medium','2024-08-02 14:28:19'),(34,'15','16',49,'comment','unread',NULL,NULL,NULL,'medium','2024-08-02 14:29:11'),(35,'12','15',50,'comment','read',NULL,NULL,NULL,'medium','2024-08-02 19:35:34'),(36,'15','12',61,'comment','read',NULL,NULL,NULL,'medium','2024-08-02 19:58:46'),(37,'15','15',62,'comment','read',NULL,NULL,NULL,'medium','2024-08-02 20:41:23'),(38,'12','15',62,'comment','read',NULL,NULL,NULL,'medium','2024-08-02 20:43:30'),(39,'12','15',62,'like','read',NULL,NULL,NULL,'medium','2024-08-02 20:44:48'),(40,'12','15',43,'like','read',NULL,NULL,NULL,'medium','2024-08-03 21:49:41'),(41,'15','12',39,'like','read',NULL,NULL,NULL,'medium','2024-08-03 23:43:06'),(42,'12','15',63,'like','read',NULL,NULL,NULL,'medium','2024-08-10 13:10:12'),(43,'12','15',63,'comment','read',NULL,NULL,NULL,'medium','2024-08-10 13:10:32'),(44,'15','16',40,'like','unread',NULL,NULL,NULL,'medium','2024-08-26 07:23:26'),(45,'15','16',40,'like','unread',NULL,NULL,NULL,'medium','2024-08-26 07:23:27'),(46,'15','16',40,'like','unread',NULL,NULL,NULL,'medium','2024-08-26 07:23:27'),(47,'15','16',40,'like','unread',NULL,NULL,NULL,'medium','2024-08-26 07:23:27'),(48,'15','16',40,'like','unread',NULL,NULL,NULL,'medium','2024-08-26 07:23:27'),(49,'15','16',40,'like','unread',NULL,NULL,NULL,'medium','2024-08-26 07:23:33'),(50,'15','12',39,'like','unread',NULL,NULL,NULL,'medium','2024-08-26 08:43:57'),(51,'15','12',1,'like','unread',NULL,NULL,NULL,'medium','2024-09-09 07:43:34'),(52,'15','12',1,'like','unread',NULL,NULL,NULL,'medium','2024-09-09 07:43:47'),(53,'15','12',1,'comment','unread',NULL,NULL,NULL,'medium','2024-09-09 07:43:54'),(54,'15','16',57,'like','unread',NULL,NULL,NULL,'medium','2024-09-09 07:44:13'),(55,'15','12',59,'like','unread',NULL,NULL,NULL,'medium','2024-11-01 07:53:36'),(56,'15','12',59,'like','unread',NULL,NULL,NULL,'medium','2024-11-01 07:53:37'),(57,'15','12',59,'like','unread',NULL,NULL,NULL,'medium','2024-11-01 07:53:38');
/*!40000 ALTER TABLE `notifications` ENABLE KEYS */;
UNLOCK TABLES;

--
-- Table structure for table `worknestjobs`
--

DROP TABLE IF EXISTS `worknestjobs`;
/*!40101 SET @saved_cs_client     = @@character_set_client */;
/*!50503 SET character_set_client = utf8mb4 */;
CREATE TABLE `worknestjobs` (
  `user_id` varchar(255) NOT NULL,
  `id` int NOT NULL AUTO_INCREMENT,
  `company_name` varchar(255) DEFAULT NULL,
  `company_url` varchar(255) DEFAULT NULL,
  `company_logo` varchar(255) DEFAULT NULL,
  `position` varchar(255) DEFAULT NULL,
  `category` varchar(255) DEFAULT NULL,
  `type` enum('fulltime','parttime','online','contract') DEFAULT 'fulltime',
  `description` text,
  `requirements` text,
  `address` varchar(255) DEFAULT NULL,
  `city` varchar(100) DEFAULT NULL,
  `country` varchar(100) DEFAULT NULL,
  `salary_range` varchar(100) DEFAULT NULL,
  `application_deadline` date DEFAULT NULL,
  `experience` varchar(255) DEFAULT NULL,
  `requirement_attach` json DEFAULT NULL,
  `registration_date` timestamp NULL DEFAULT CURRENT_TIMESTAMP,
  PRIMARY KEY (`id`),
  KEY `Pk_user_id` (`user_id`),
  CONSTRAINT `Pk_user_id` FOREIGN KEY (`user_id`) REFERENCES `worknestusers` (`id`)
) ENGINE=InnoDB AUTO_INCREMENT=10 DEFAULT CHARSET=utf8mb4 COLLATE=utf8mb4_0900_ai_ci;
/*!40101 SET character_set_client = @saved_cs_client */;

--
-- Dumping data for table `worknestjobs`
--

LOCK TABLES `worknestjobs` WRITE;
/*!40000 ALTER TABLE `worknestjobs` DISABLE KEYS */;
INSERT INTO `worknestjobs` VALUES ('15',1,'Work Nest','www.b-intel.com','/static/uploads/forest-a1.jpeg','supervisor','engineer','fulltime','heloo there','<li>Make sure to import necessary modules.</li><li>Extract the job data from the <code>data</code> dictionary.</li><li>Construct an SQL <code>INSERT</code> statement to add the job data to the <code>worknestjobs</code> table.</li><li>Execute the SQL statement.</li><li>Handle any exceptions that may occur during the process.</li>','','','','3,456,345 - 34,563,456','2024-07-31','','[]','2024-07-31 19:05:46'),('16',2,'Work Nest','www.b-intel.com','/static/uploads/injustice-logo.png','supervisor','engineer','fulltime','Replace the dummy mycursor and get_user_by_id with your actual database cursor and user retrieval function. This approach ensures that your application handles unexpected data formats gracefully and provides a robust output.','<li><strong>Error Handling for JSON Parsing</strong>: Added a <code>try-except</code> block around <code>json.loads</code> to handle cases where <code>job[16]</code> might not contain valid JSON.</li><li><strong>Corrected <code>posterinfo</code> Keys</strong>: Ensure that you use <code>posterinfo[\'username\']</code> and <code>posterinfo[\'profile_pic\']</code> to match the assumed structure.</li><li><strong>Date Handling</strong>: Used <code>isoformat()</code> to ensure the date is converted to a string format for JSON serialization.</li>','','','','47,456 - 45,674,567','2024-07-31','','[]','2024-07-31 19:35:29'),('12',3,'Work Nest','www.b-intel.com','/static/uploads/space.jpeg','supervisor','engineer','fulltime','currentOffset += chunkSize;','<div style=\"background-color: rgb(0, 0, 0); font-family: Consolas, &quot;Courier New&quot;, monospace; font-size: 14px; line-height: 19px; white-space: pre;\">&nbsp; &nbsp;<span style=\"color: #9cdcfe;\">currentOffset</span> <span style=\"color: #d4d4d4;\">+=</span> <span style=\"color: #9cdcfe;\">chunkSize</span>;</div><div style=\"background-color: rgb(0, 0, 0); font-family: Consolas, &quot;Courier New&quot;, monospace; font-size: 14px; line-height: 19px; white-space: pre;\"><div style=\"line-height: 19px;\">&nbsp; &nbsp;<span style=\"color: #9cdcfe;\">currentOffset</span> <span style=\"color: #d4d4d4;\">+=</span> <span style=\"color: #9cdcfe;\">chunkSize</span>;</div><div style=\"line-height: 19px;\"><div style=\"line-height: 19px;\">&nbsp; &nbsp;<span style=\"color: #9cdcfe;\">currentOffset</span> <span style=\"color: #d4d4d4;\">+=</span> <span style=\"color: #9cdcfe;\">chunkSize</span>;</div><div style=\"line-height: 19px;\"><div style=\"line-height: 19px;\">&nbsp; &nbsp;<span style=\"color: #9cdcfe;\">currentOffset</span> <span style=\"color: #d4d4d4;\">+=</span> <span style=\"color: #9cdcfe;\">chunkSize</span>;</div><div style=\"line-height: 19px;\"><div style=\"line-height: 19px;\">&nbsp; &nbsp;<span style=\"color: #9cdcfe;\">currentOffset</span> <span style=\"color: #d4d4d4;\">+=</span> <span style=\"color: #9cdcfe;\">chunkSize</span>;</div><div style=\"line-height: 19px;\"><div style=\"line-height: 19px;\">&nbsp; &nbsp;<span style=\"color: #9cdcfe;\">currentOffset</span> <span style=\"color: #d4d4d4;\">+=</span> <span style=\"color: #9cdcfe;\">chunkSize</span>;</div><div style=\"line-height: 19px;\"><div style=\"line-height: 19px;\">&nbsp; &nbsp;<span style=\"color: #9cdcfe;\">currentOffset</span> <span style=\"color: #d4d4d4;\">+=</span> <span style=\"color: #9cdcfe;\">chunkSize</span>;</div><div style=\"line-height: 19px;\"><div style=\"line-height: 19px;\">&nbsp; &nbsp;<span style=\"color: #9cdcfe;\">currentOffset</span> <span style=\"color: #d4d4d4;\">+=</span> <span style=\"color: #9cdcfe;\">chunkSize</span>;</div></div></div></div></div></div></div></div>','','','','7,634,563,456 - 34,563,456,345','2024-08-23','','[]','2024-07-31 22:34:06'),('15',4,'JUMIA','www.b-intel.com','/static/uploads/4fdfur2c.png','supervisor','engineer','fulltime','Explanation of Additions:','<h3>Explanation of Additions:Explanation of Additions:Explanation of Additions:Explanation of Additions:Explanation of Additions:Explanation of Additions:Explanation of Additions:Explanation of Additions:Explanation of Additions:Explanation of Additions:Explanation of Additions:Explanation of Additions:Explanation of Additions:Explanation of Additions:Explanation of Additions:Explanation of Additions:Explanation of Additions:Explanation of Additions:Explanation of Additions:Explanation of Additions:Explanation of Additions:Explanation of Additions:Explanation of Additions:Explanation of Additions:Explanation of Additions:Explanation of Additions:Explanation of Additions:Explanation of Additions:Explanation of Additions:Explanation of Additions:Explanation of Additions:Explanation of Additions:Explanation of Additions:</h3>','','','','467,456,745 - 467,456,745,674','2024-08-02','','[]','2024-08-02 15:12:20'),('15',5,'JUMIA','www.b-intel.com','/static/uploads/compuser.jpg','supervisor','engineer','fulltime','Collecting Data for Job Type and Experience Levels:\nUse querySelectorAll to gather selected job types and experience levels properly.\nEnsure all data fields are included correctly.','<strong>Collecting Data for Job Type and Experience Levels:</strong><ul><li>Use <code>querySelectorAll</code> to gather selected job types and experience levels properly.</li><li>Ensure all data fields are included correctly.<strong>Collecting Data for Job Type and Experience Levels:</strong><ul><li>Use <code>querySelectorAll</code> to gather selected job types and experience levels properly.</li><li>Ensure all data fields are included correctly.</li></ul></li></ul>','','','','53,456 - 3,456,345','2024-08-02','','[]','2024-08-02 15:20:57'),('15',6,'JUNIA','www.b-intel.com','/static/uploads/engineringimg.jpeg','supervisor','engineer','parttime','Make sure the backend correctly processes the job types and experience levels:','This approach directly checks the state of each checkbox using their specific IDs, ensuring the correct values for job types and experience levels are collected and sent to the backend.','','','','56,345,634 - 34,563,456','2024-08-02','','[]','2024-08-02 15:45:24'),('15',7,'jumia','www.b-intel.com','/static/uploads/bmw-m6-white.jpeg','supervisor','engineer','online','This approach ensures that the data for job types and experience levels is correctly collected from the checkboxes and sent to the backend.','<div class=\"flex-shrink-0 flex flex-col relative items-end\"><div class=\"pt-0\"><div class=\"gizmo-bot-avatar flex h-8 w-8 items-center justify-center overflow-hidden rounded-full\"><div class=\"relative p-1 rounded-sm flex items-center justify-center bg-token-main-surface-primary text-token-text-primary h-8 w-8\"><svg width=\"41\" height=\"41\" viewBox=\"0 0 41 41\" fill=\"none\" xmlns=\"http://www.w3.org/2000/svg\" class=\"icon-md\" role=\"img\"><text x=\"-9999\" y=\"-9999\"></text><path d=\"M37.5324 16.8707C37.9808 15.5241 38.1363 14.0974 37.9886 12.6859C37.8409 11.2744 37.3934 9.91076 36.676 8.68622C35.6126 6.83404 33.9882 5.3676 32.0373 4.4985C30.0864 3.62941 27.9098 3.40259 25.8215 3.85078C24.8796 2.7893 23.7219 1.94125 22.4257 1.36341C21.1295 0.785575 19.7249 0.491269 18.3058 0.500197C16.1708 0.495044 14.0893 1.16803 12.3614 2.42214C10.6335 3.67624 9.34853 5.44666 8.6917 7.47815C7.30085 7.76286 5.98686 8.3414 4.8377 9.17505C3.68854 10.0087 2.73073 11.0782 2.02839 12.312C0.956464 14.1591 0.498905 16.2988 0.721698 18.4228C0.944492 20.5467 1.83612 22.5449 3.268 24.1293C2.81966 25.4759 2.66413 26.9026 2.81182 28.3141C2.95951 29.7256 3.40701 31.0892 4.12437 32.3138C5.18791 34.1659 6.8123 35.6322 8.76321 36.5013C10.7141 37.3704 12.8907 37.5973 14.9789 37.1492C15.9208 38.2107 17.0786 39.0587 18.3747 39.6366C19.6709 40.2144 21.0755 40.5087 22.4946 40.4998C24.6307 40.5054 26.7133 39.8321 28.4418 38.5772C30.1704 37.3223 31.4556 35.5506 32.1119 33.5179C33.5027 33.2332 34.8167 32.6547 35.9659 31.821C37.115 30.9874 38.0728 29.9178 38.7752 28.684C39.8458 26.8371 40.3023 24.6979 40.0789 22.5748C39.8556 20.4517 38.9639 18.4544 37.5324 16.8707ZM22.4978 37.8849C20.7443 37.8874 19.0459 37.2733 17.6994 36.1501C17.7601 36.117 17.8666 36.0586 17.936 36.0161L25.9004 31.4156C26.1003 31.3019 26.2663 31.137 26.3813 30.9378C26.4964 30.7386 26.5563 30.5124 26.5549 30.2825V19.0542L29.9213 20.998C29.9389 21.0068 29.9541 21.0198 29.9656 21.0359C29.977 21.052 29.9842 21.0707 29.9867 21.0902V30.3889C29.9842 32.375 29.1946 34.2791 27.7909 35.6841C26.3872 37.0892 24.4838 37.8806 22.4978 37.8849ZM6.39227 31.0064C5.51397 29.4888 5.19742 27.7107 5.49804 25.9832C5.55718 26.0187 5.66048 26.0818 5.73461 26.1244L13.699 30.7248C13.8975 30.8408 14.1233 30.902 14.3532 30.902C14.583 30.902 14.8088 30.8408 15.0073 30.7248L24.731 25.1103V28.9979C24.7321 29.0177 24.7283 29.0376 24.7199 29.0556C24.7115 29.0736 24.6988 29.0893 24.6829 29.1012L16.6317 33.7497C14.9096 34.7416 12.8643 35.0097 10.9447 34.4954C9.02506 33.9811 7.38785 32.7263 6.39227 31.0064ZM4.29707 13.6194C5.17156 12.0998 6.55279 10.9364 8.19885 10.3327C8.19885 10.4013 8.19491 10.5228 8.19491 10.6071V19.808C8.19351 20.0378 8.25334 20.2638 8.36823 20.4629C8.48312 20.6619 8.64893 20.8267 8.84863 20.9404L18.5723 26.5542L15.206 28.4979C15.1894 28.5089 15.1703 28.5155 15.1505 28.5173C15.1307 28.5191 15.1107 28.516 15.0924 28.5082L7.04046 23.8557C5.32135 22.8601 4.06716 21.2235 3.55289 19.3046C3.03862 17.3858 3.30624 15.3413 4.29707 13.6194ZM31.955 20.0556L22.2312 14.4411L25.5976 12.4981C25.6142 12.4872 25.6333 12.4805 25.6531 12.4787C25.6729 12.4769 25.6928 12.4801 25.7111 12.4879L33.7631 17.1364C34.9967 17.849 36.0017 18.8982 36.6606 20.1613C37.3194 21.4244 37.6047 22.849 37.4832 24.2684C37.3617 25.6878 36.8382 27.0432 35.9743 28.1759C35.1103 29.3086 33.9415 30.1717 32.6047 30.6641C32.6047 30.5947 32.6047 30.4733 32.6047 30.3889V21.188C32.6066 20.9586 32.5474 20.7328 32.4332 20.5338C32.319 20.3348 32.154 20.1698 31.955 20.0556ZM35.3055 15.0128C35.2464 14.9765 35.1431 14.9142 35.069 14.8717L27.1045 10.2712C26.906 10.1554 26.6803 10.0943 26.4504 10.0943C26.2206 10.0943 25.9948 10.1554 25.7963 10.2712L16.0726 15.8858V11.9982C16.0715 11.9783 16.0753 11.9585 16.0837 11.9405C16.0921 11.9225 16.1048 11.9068 16.1207 11.8949L24.1719 7.25025C25.4053 6.53903 26.8158 6.19376 28.2383 6.25482C29.6608 6.31589 31.0364 6.78077 32.2044 7.59508C33.3723 8.40939 34.2842 9.53945 34.8334 10.8531C35.3826 12.1667 35.5464 13.6095 35.3055 15.0128ZM14.2424 21.9419L10.8752 19.9981C10.8576 19.9893 10.8423 19.9763 10.8309 19.9602C10.8195 19.9441 10.8122 19.9254 10.8098 19.9058V10.6071C10.8107 9.18295 11.2173 7.78848 11.9819 6.58696C12.7466 5.38544 13.8377 4.42659 15.1275 3.82264C16.4173 3.21869 17.8524 2.99464 19.2649 3.1767C20.6775 3.35876 22.0089 3.93941 23.1034 4.85067C23.0427 4.88379 22.937 4.94215 22.8668 4.98473L14.9024 9.58517C14.7025 9.69878 14.5366 9.86356 14.4215 10.0626C14.3065 10.2616 14.2466 10.4877 14.2479 10.7175L14.2424 21.9419ZM16.071 17.9991L20.4018 15.4978L24.7325 17.9975V22.9985L20.4018 25.4983L16.071 22.9985V17.9991Z\" fill=\"currentColor\"></path></svg></div></div></div></div><div class=\"group/conversation-turn relative flex w-full min-w-0 flex-col agent-turn\"><div class=\"flex-col gap-1 md:gap-3\"><div class=\"flex flex-grow flex-col max-w-full\"><div data-message-author-role=\"assistant\" data-message-id=\"65b26342-7e30-49fb-a197-9b80b90efdea\" dir=\"auto\" class=\"text-message flex w-full flex-col items-end gap-2 whitespace-pre-wrap break-words [.text-message+&amp;]:mt-5 overflow-x-auto\"><div class=\"flex w-full flex-col gap-1 empty:hidden first:pt-[3px]\"><div class=\"markdown prose w-full break-words dark:prose-invert dark\"><p>Sure, let\'s ensure that the job types and experience levels are correctly collected and sent to the backend without changing the parent structure. We will directly check the state of each checkbox using their specific IDs.</p><p>Here\'s the updated JavaScript code:</p></div></div></div></div></div></div>','','','','696,896,789 - 6,896,789','2024-08-17','senior','[]','2024-08-02 15:59:40'),('12',8,'morejaw','www.b-intel.com','/static/uploads/forest-a1.jpeg','Content creator','creator','parttime','The country has a rich cultural heritage, with over 40 ethnic groups, each contributing to its colorful traditions and languages. Agriculture and tourism are key economic sectors, with tea, coffee, and safari tourism being major','<div class=\"flex-shrink-0 flex flex-col relative items-end\"><div class=\"pt-0\"><div class=\"gizmo-bot-avatar flex h-8 w-8 items-center justify-center overflow-hidden rounded-full\"><div class=\"relative p-1 rounded-sm flex items-center justify-center bg-token-main-surface-primary text-token-text-primary h-8 w-8\"><svg width=\"41\" height=\"41\" viewBox=\"0 0 41 41\" fill=\"none\" xmlns=\"http://www.w3.org/2000/svg\" class=\"icon-md\" role=\"img\"><text x=\"-9999\" y=\"-9999\"></text><path d=\"M37.5324 16.8707C37.9808 15.5241 38.1363 14.0974 37.9886 12.6859C37.8409 11.2744 37.3934 9.91076 36.676 8.68622C35.6126 6.83404 33.9882 5.3676 32.0373 4.4985C30.0864 3.62941 27.9098 3.40259 25.8215 3.85078C24.8796 2.7893 23.7219 1.94125 22.4257 1.36341C21.1295 0.785575 19.7249 0.491269 18.3058 0.500197C16.1708 0.495044 14.0893 1.16803 12.3614 2.42214C10.6335 3.67624 9.34853 5.44666 8.6917 7.47815C7.30085 7.76286 5.98686 8.3414 4.8377 9.17505C3.68854 10.0087 2.73073 11.0782 2.02839 12.312C0.956464 14.1591 0.498905 16.2988 0.721698 18.4228C0.944492 20.5467 1.83612 22.5449 3.268 24.1293C2.81966 25.4759 2.66413 26.9026 2.81182 28.3141C2.95951 29.7256 3.40701 31.0892 4.12437 32.3138C5.18791 34.1659 6.8123 35.6322 8.76321 36.5013C10.7141 37.3704 12.8907 37.5973 14.9789 37.1492C15.9208 38.2107 17.0786 39.0587 18.3747 39.6366C19.6709 40.2144 21.0755 40.5087 22.4946 40.4998C24.6307 40.5054 26.7133 39.8321 28.4418 38.5772C30.1704 37.3223 31.4556 35.5506 32.1119 33.5179C33.5027 33.2332 34.8167 32.6547 35.9659 31.821C37.115 30.9874 38.0728 29.9178 38.7752 28.684C39.8458 26.8371 40.3023 24.6979 40.0789 22.5748C39.8556 20.4517 38.9639 18.4544 37.5324 16.8707ZM22.4978 37.8849C20.7443 37.8874 19.0459 37.2733 17.6994 36.1501C17.7601 36.117 17.8666 36.0586 17.936 36.0161L25.9004 31.4156C26.1003 31.3019 26.2663 31.137 26.3813 30.9378C26.4964 30.7386 26.5563 30.5124 26.5549 30.2825V19.0542L29.9213 20.998C29.9389 21.0068 29.9541 21.0198 29.9656 21.0359C29.977 21.052 29.9842 21.0707 29.9867 21.0902V30.3889C29.9842 32.375 29.1946 34.2791 27.7909 35.6841C26.3872 37.0892 24.4838 37.8806 22.4978 37.8849ZM6.39227 31.0064C5.51397 29.4888 5.19742 27.7107 5.49804 25.9832C5.55718 26.0187 5.66048 26.0818 5.73461 26.1244L13.699 30.7248C13.8975 30.8408 14.1233 30.902 14.3532 30.902C14.583 30.902 14.8088 30.8408 15.0073 30.7248L24.731 25.1103V28.9979C24.7321 29.0177 24.7283 29.0376 24.7199 29.0556C24.7115 29.0736 24.6988 29.0893 24.6829 29.1012L16.6317 33.7497C14.9096 34.7416 12.8643 35.0097 10.9447 34.4954C9.02506 33.9811 7.38785 32.7263 6.39227 31.0064ZM4.29707 13.6194C5.17156 12.0998 6.55279 10.9364 8.19885 10.3327C8.19885 10.4013 8.19491 10.5228 8.19491 10.6071V19.808C8.19351 20.0378 8.25334 20.2638 8.36823 20.4629C8.48312 20.6619 8.64893 20.8267 8.84863 20.9404L18.5723 26.5542L15.206 28.4979C15.1894 28.5089 15.1703 28.5155 15.1505 28.5173C15.1307 28.5191 15.1107 28.516 15.0924 28.5082L7.04046 23.8557C5.32135 22.8601 4.06716 21.2235 3.55289 19.3046C3.03862 17.3858 3.30624 15.3413 4.29707 13.6194ZM31.955 20.0556L22.2312 14.4411L25.5976 12.4981C25.6142 12.4872 25.6333 12.4805 25.6531 12.4787C25.6729 12.4769 25.6928 12.4801 25.7111 12.4879L33.7631 17.1364C34.9967 17.849 36.0017 18.8982 36.6606 20.1613C37.3194 21.4244 37.6047 22.849 37.4832 24.2684C37.3617 25.6878 36.8382 27.0432 35.9743 28.1759C35.1103 29.3086 33.9415 30.1717 32.6047 30.6641C32.6047 30.5947 32.6047 30.4733 32.6047 30.3889V21.188C32.6066 20.9586 32.5474 20.7328 32.4332 20.5338C32.319 20.3348 32.154 20.1698 31.955 20.0556ZM35.3055 15.0128C35.2464 14.9765 35.1431 14.9142 35.069 14.8717L27.1045 10.2712C26.906 10.1554 26.6803 10.0943 26.4504 10.0943C26.2206 10.0943 25.9948 10.1554 25.7963 10.2712L16.0726 15.8858V11.9982C16.0715 11.9783 16.0753 11.9585 16.0837 11.9405C16.0921 11.9225 16.1048 11.9068 16.1207 11.8949L24.1719 7.25025C25.4053 6.53903 26.8158 6.19376 28.2383 6.25482C29.6608 6.31589 31.0364 6.78077 32.2044 7.59508C33.3723 8.40939 34.2842 9.53945 34.8334 10.8531C35.3826 12.1667 35.5464 13.6095 35.3055 15.0128ZM14.2424 21.9419L10.8752 19.9981C10.8576 19.9893 10.8423 19.9763 10.8309 19.9602C10.8195 19.9441 10.8122 19.9254 10.8098 19.9058V10.6071C10.8107 9.18295 11.2173 7.78848 11.9819 6.58696C12.7466 5.38544 13.8377 4.42659 15.1275 3.82264C16.4173 3.21869 17.8524 2.99464 19.2649 3.1767C20.6775 3.35876 22.0089 3.93941 23.1034 4.85067C23.0427 4.88379 22.937 4.94215 22.8668 4.98473L14.9024 9.58517C14.7025 9.69878 14.5366 9.86356 14.4215 10.0626C14.3065 10.2616 14.2466 10.4877 14.2479 10.7175L14.2424 21.9419ZM16.071 17.9991L20.4018 15.4978L24.7325 17.9975V22.9985L20.4018 25.4983L16.071 22.9985V17.9991Z\" fill=\"currentColor\"></path></svg></div></div></div></div><div class=\"group/conversation-turn relative flex w-full min-w-0 flex-col agent-turn\"><div class=\"flex-col gap-1 md:gap-3\"><div class=\"flex flex-grow flex-col max-w-full\"><div data-message-author-role=\"assistant\" data-message-id=\"f20e5389-0247-420f-b5be-69dab0635d6c\" dir=\"auto\" class=\"min-h-[20px] text-message flex w-full flex-col items-end gap-2 whitespace-pre-wrap break-words [.text-message+&amp;]:mt-5 overflow-x-auto\"><div class=\"flex w-full flex-col gap-1 empty:hidden first:pt-[3px]\"><div class=\"markdown prose w-full break-words dark:prose-invert dark\"><p>Kenya, located in East Africa, is renowned for its diverse landscapes, ranging from savannahs and the Great Rift Valley to mountain highlands and coastal beaches along the Indian Ocean. Its capital, Nairobi, is a vibrant hub of commerce and culture. Kenya is famous for its wildlife, with numerous national parks and reserves like the Maasai Mara, where the Great Migration occurs. The country has a rich cultural heritage, with over 40 ethnic groups, each contributing to its colorful traditions and languages. Agriculture and tourism are key economic sectors, with tea, coffee, and safari tourism being major contributors.</p></div></div></div></div></div></div>','','','','1,000 - 4,000','2024-08-02','mid','[]','2024-08-02 20:50:18'),('15',9,'b-intel','www.b-intel.com','/static/uploads/clane.jpeg','Content creator','creator','contract','The country has a rich cultural heritage, with over 40 ethnic groups, each contributing to its colorful traditions and languages. Agriculture and tourism are key economic sectors, with tea, coffee, and safari tourism being major','The country has a rich cultural heritage, with over 40 ethnic groups, each contributing to its colorful traditions and languages. Agriculture and tourism are key economic sectors, with tea, coffee, and safari tourism being major<div>The country has a rich cultural heritage, with over 40 ethnic groups, each contributing to its colorful traditions and languages. Agriculture and tourism are key economic sectors, with tea, coffee, and safari tourism being major<br></div>','','','','23,452,345 - 23,452,345','2024-08-03','expert','[]','2024-08-02 21:06:19');
/*!40000 ALTER TABLE `worknestjobs` ENABLE KEYS */;
UNLOCK TABLES;

--
-- Table structure for table `worknestposts`
--

DROP TABLE IF EXISTS `worknestposts`;
/*!40101 SET @saved_cs_client     = @@character_set_client */;
/*!50503 SET character_set_client = utf8mb4 */;
CREATE TABLE `worknestposts` (
  `postid` int NOT NULL AUTO_INCREMENT,
  `user_id` varchar(255) NOT NULL,
  `posts` text,
  `files` json DEFAULT NULL,
  `registration_date` timestamp NULL DEFAULT CURRENT_TIMESTAMP,
  PRIMARY KEY (`postid`),
  KEY `user_id` (`user_id`),
  CONSTRAINT `worknestposts_ibfk_1` FOREIGN KEY (`user_id`) REFERENCES `worknestusers` (`id`)
) ENGINE=InnoDB AUTO_INCREMENT=64 DEFAULT CHARSET=utf8mb4 COLLATE=utf8mb4_0900_ai_ci;
/*!40101 SET character_set_client = @saved_cs_client */;

--
-- Dumping data for table `worknestposts`
--

LOCK TABLES `worknestposts` WRITE;
/*!40000 ALTER TABLE `worknestposts` DISABLE KEYS */;
INSERT INTO `worknestposts` VALUES (1,'12','45345634563456','[\"/static/uploads/nouser.jpeg\", \"/static/uploads/amike-personal-website-template.jpg\", \"/static/uploads/maxresdefault.jpg\"]','2024-07-30 19:32:34'),(2,'12','heloo africa','[\"/static/uploads/amike-personal-website-template.jpg\", \"/static/uploads/maxresdefault.jpg\"]','2024-07-30 19:44:00'),(3,'12','564567456745674','[\"/static/uploads/maxresdefault.jpg\"]','2024-07-30 19:45:48'),(4,'12','78i56785678','[\"/static/uploads/maxresdefault.jpg\", \"/static/uploads/work_fromhome2.png\"]','2024-07-30 19:47:01'),(5,'12','twertwertw','[\"/static/uploads/nouser.jpeg\", \"/static/uploads/amike-personal-website-template.jpg\", \"/static/uploads/maxresdefault.jpg\", \"/static/uploads/work_fromhome2.png\"]','2024-07-30 19:51:19'),(6,'12','rtytyertyertyerty','[\"/static/uploads/maxresdefault.jpg\", \"/static/uploads/amike-personal-website-template.jpg\", \"/static/uploads/nouser.jpeg\"]','2024-07-30 19:52:51'),(7,'12','utryurtyurtyu','[\"/static/uploads/work_fromhome2.png\"]','2024-07-30 19:59:01'),(8,'12','hdfghdfghdfghdfhdfghdgfhdgfhdfgh','[\"/static/uploads/nouser.jpeg\", \"/static/uploads/amike-personal-website-template.jpg\", \"/static/uploads/maxresdefault.jpg\"]','2024-07-30 20:14:49'),(9,'12','453456345634563456345634','[\"/static/uploads/nouser.jpeg\"]','2024-07-30 20:18:49'),(10,'12','45674567456','[\"/static/uploads/nouser.jpeg\", \"/static/uploads/amike-personal-website-template.jpg\"]','2024-07-30 20:20:57'),(11,'12','56745674567456745','[\"/static/uploads/nouser.jpeg\", \"/static/uploads/amike-personal-website-template.jpg\", \"/static/uploads/maxresdefault.jpg\"]','2024-07-30 20:23:10'),(12,'12','qweertyertyerty','[\"/static/uploads/amike-personal-website-template.jpg\", \"/static/uploads/maxresdefault.jpg\"]','2024-07-30 20:25:03'),(13,'12','u4567456745674','[\"/static/uploads/nouser.jpeg\", \"/static/uploads/amike-personal-website-template.jpg\", \"/static/uploads/maxresdefault.jpg\"]','2024-07-30 20:30:02'),(14,'12','twertwertwe','[\"/static/uploads/maxresdefault.jpg\"]','2024-07-30 20:35:54'),(15,'12','dgfhdfghdfghdfghdfg','[\"/static/uploads/farm-farmer.gif\"]','2024-07-30 21:47:15'),(16,'12','bgsdfgsdfgsdfg','[\"/static/uploads/bmw-m6-black-onroad.jpeg\"]','2024-07-30 21:51:15'),(17,'15','Check Browser Console: Look for any errors or warnings in the console.\nInspect Network Requests: Ensure the fetch request is successful and returns the expected data.\nVerify File Paths: Make sure the file paths are correct and accessible from your web server','[\"/static/uploads/bmw-m6-white.jpeg\"]','2024-07-30 22:03:42'),(18,'16','\nIt looks like you\'re attempting to use attributes on post directly, but your save_post function returns a tuple with post_id and registration_date. You should unpack these values from the tuple returned by save_post.\n\nHereΓÇÖs how you should handle it:\n\nUpdated Handling Code\npython','[\"/static/uploads/bmw-m6-red.jpeg\"]','2024-07-30 22:19:46'),(19,'16','It looks like you\'re attempting to use attributes on post directly, but your save_post function ','[\"/static/uploads/xxxmhqhv.png\"]','2024-07-30 22:21:50'),(20,'15','user_iduser_iduser_iduser_iduser_iduser_iduser_iduser_iduser_iduser_id','[\"/static/uploads/bmw-m4-yellow.jpeg\"]','2024-07-30 22:23:46'),(21,'15','def save_post(user_id, post_info, files):\n    try:\n        mycursor.execute(\n            \"INSERT INTO worknestposts (user_id, posts, files) VALUES (%s, %s, %s)\",\n            (user_id, post_info, json.dumps(files))\n        )\n        mydb.commit()\n\n        # Fetch the last inserted post ID and registration date\n        mycursor.execute(\n            \"SELECT LAST_INSERT_ID(), registration_date FROM worknestposts WHERE id = LAST_INSERT_ID()\"\n        )\n        post_id_and_date = mycursor.fetchone()\n        \n        if post_id_and_date:\n            post_id = post_id_and_date[0]\n            registration_date = post_id_and_date[1]\n            return post_id, registration_date\n        else:\n            return None, None\n    except Exception as e:\n        print(f\"An error occurred: {e}\")\n        return None, None\n','[\"/static/uploads/injustice-logo.png\"]','2024-07-30 22:26:44'),(22,'15','def save_post(user_id, post_info, files):\n    try:\n        mycursor.execute(\n            \"INSERT INTO worknestposts (user_id, posts, files) VALUES (%s, %s, %s)\",\n            (user_id, post_info, json.dumps(files))\n        )\n        mydb.commit()\n\n        # Fetch the last inserted post ID and registration date\n        mycursor.execute(\n            \"SELECT LAST_INSERT_ID(), registration_date FROM worknestposts WHERE id = LAST_INSERT_ID()\"\n        )\n        post_id_and_date = mycursor.fetchone()\n        \n        if post_id_and_date:\n            post_id = post_id_and_date[0]\n            registration_date = post_id_and_date[1]\n            return post_id, registration_date\n        else:\n            return None, None\n    except Exception as e:\n        print(f\"An error occurred: {e}\")\n        return None, None\n','[\"/static/uploads/injusticeLogo.jpg\"]','2024-07-30 22:27:51'),(23,'15',' if isinstance(registration_date, datetime):\n                registration_date = registration_date.isoformat()','[\"/static/uploads/injustice-logo.png\"]','2024-07-30 22:30:45'),(24,'12',' if isinstance(registration_date, datetime):\n                registration_date = registration_date.isoformat()','[\"/static/uploads/injustice-logo.png\"]','2024-07-30 22:31:40'),(25,'16',' if isinstance(registration_date, datetime):\n                registration_date = registration_date.isoformat()','[\"/static/uploads/bmw-m6-interior.jpeg\"]','2024-07-30 22:37:02'),(26,'16',' if isinstance(registration_date, datetime):\n                registration_date = registration_date.isoformat()','[\"/static/uploads/xxxmhqhv.png\"]','2024-07-30 22:40:12'),(27,'16',' print(\"DATE:≡ƒæî≡ƒæî\", registration_date)','[\"/static/uploads/JULIETFOR_EDWIN.jpg\"]','2024-07-30 22:41:23'),(28,'16','posttime','[\"/static/uploads/4K-Computer-Monitor.jpg\"]','2024-07-30 22:44:20'),(29,'16','${data.posttime}','[\"/static/uploads/amike-personal-website-template.jpg\"]','2024-07-30 22:45:21'),(30,'16','dfasdfasdfasdfasd','[\"/static/uploads/machine_operator.jpg\"]','2024-07-30 22:46:17'),(31,'15','${data.posttime}${data.posttime}${data.posttime}','[\"/static/uploads/car_truck.jpeg\"]','2024-07-30 22:47:45'),(32,'15',' if isinstance(registration_date, datetime):\n                registration_date = registration_date.isoformat()  if isinstance(registration_date, datetime):\n                registration_date = registration_date.isoformat() ','[\"/static/uploads/maxresdefault.jpg\"]','2024-07-30 22:50:28'),(33,'15','from datetime import datetime\n\ndef save_post(user_id, post_info, files):\n    try:\n        mycursor.execute(\n            \"INSERT INTO worknestposts (user_id, posts, files) VALUES (%s, %s, %s)\",\n            (user_id, post_info, json.dumps(files))\n        )\n        mydb.commit()\n\n        # Fetch the last inserted post ID and registration date\n        mycursor.execute(\n            \"SELECT LAST_INSERT_ID(), registration_date FROM worknestposts WHERE postid = LAST_INSERT_ID()\"\n        )\n        post_id_and_date = mycursor.fetchone()\n\n        if post_id_and_date:\n            post_id = post_id_and_date[0]\n            registration_date = post_id_and_date[1]\n            \n            # Ensure registration_date is a datetime object and convert to ISO format\n            if isinstance(registration_date, datetime):\n                registration_date = registration_date.isoformat()\n            \n            return post_id, registration_date\n        else:\n            return None, None  \n    except Exception as e:\n        print(f\"An error occurred: {e}\")\n        return None, None\n','[\"/static/uploads/clane.jpeg\"]','2024-07-30 22:52:30'),(34,'15','from datetime import datetime\n\ndef save_post(user_id, post_info, files):\n    try:\n        mycursor.execute(\n            \"INSERT INTO worknestposts (user_id, posts, files) VALUES (%s, %s, %s)\",\n            (user_id, post_info, json.dumps(files))\n        )\n        mydb.commit()\n\n        # Fetch the last inserted post ID and registration date\n        mycursor.execute(\n            \"SELECT LAST_INSERT_ID(), registration_date FROM worknestposts WHERE postid = LAST_INSERT_ID()\"\n        )\n        post_id_and_date = mycursor.fetchone()\n\n        if post_id_and_date:\n            post_id = post_id_and_date[0]\n            registration_date = post_id_and_date[1]\n            \n            # Ensure registration_date is a datetime object and convert to ISO format\n            if isinstance(registration_date, datetime):\n                registration_date = registration_date.isoformat()\n            \n            return post_id, registration_date\n        else:\n            return None, None  \n    except Exception as e:\n        print(f\"An error occurred: {e}\")\n        return None, None\n','[\"/static/uploads/amike-personal-website-template.jpg\"]','2024-07-30 22:53:11'),(35,'15','thert','[\"/static/uploads/amike-personal-website-template.jpg\"]','2024-07-30 22:54:36'),(36,'15','registration_date,registration_date,','[\"/static/uploads/work_fromhome2.png\"]','2024-07-30 22:55:55'),(37,'12','registration_date,registration_date,','[\"/static/uploads/clanepic.jpg\"]','2024-07-30 22:56:48'),(38,'16','        if post_id_and_date:\n            post_id = post_id_and_date[0]\n            registration_date = post_id_and_date[1]\n\n            \n            registration_date = format_datetime(registration_date)\n            return post_id, registration_date\n        else:\n            return None, None  \n    except Exception as e:\n        print(f\"An error occurred: {e}\")\n        return None, None\n\ndef format_datetime(dt):\n    \"\"\"\n    Formats a datetime object to the format \"Wed, 31 Jul 2024 01:56:48\"\n    \n    :param dt: datetime object\n    :return: formatted date string\n    \"\"\"\n    if not isinstance(dt, datetime):\n        raise ValueError(\"Input must be a datetime object\")\n\n    return dt.strftime(\"%a, %d %b %Y %H:%M:%S\")','[\"/static/uploads/work-from-bed269c73fe708.jpg\"]','2024-07-30 23:00:04'),(39,'12','\n3. Ensure Consistent Date Format\nMake sure that the date format used in the data-time attribute is ISO 8601 so it can be easily parsed.\n\nHere\'s an example implementation:','[\"/static/uploads/bmw-m6-blue.jpg\"]','2024-07-31 10:11:27'),(40,'16','postHolder.querySelector(\'.like-button\')postHolder.querySelector(\'.like-button\')postHolder.querySelector(\'.like-button\')postHolder.querySelector(\'.like-button\')postHolder.querySelector(\'.like-button\')postHolder.querySelector(\'.like-button\')postHolder.querySelector(\'.like-button\')postHolder.querySelector(\'.like-button\')','[\"/static/uploads/Amen_REBORN.mp4\"]','2024-07-31 13:08:36'),(41,'15','postHolder.querySelector(\'.like-button\')postHolder.querySelector(\'.like-button\')','[\"/static/uploads/Rescue.mp4\"]','2024-07-31 13:13:11'),(42,'108791275357246575014','postHolder.querySelector(\'.like-button\')postHolder.querySelector(\'.like-button\')','[\"/static/uploads/bmw-m6-grey.jpg\"]','2024-07-31 13:18:20'),(43,'15','5. Ensure Correct Data Handling\nConfirm that post.postfiles is correctly populated with data on the backend before it reaches the client. Check if the server correctly formats the files field as an array of strings.\n\n6. Check for Typographical Errors\nEnsure there are no typographical errors in your JavaScript code or server response format. Double-check the structure of the data and the code handling it.\n\nBy following these steps, you should be able to ensure that the files array is correctly processed and displayed in your application.\n\n\n\n\n\n','[\"/static/uploads/bmw-m6-red.jpeg\", \"/static/uploads/bmw-m6-grey.jpg\"]','2024-07-31 13:39:35'),(44,'16','Explanation:\nGet Parameters:\n\noffset: Number of records to skip.\nlimit: Number of records to return.\nDefault Values:\n\nDefault offset to 0 and limit to 10 if not provided.\nParameter Validation:\n\nEnsure that offset and limit are integers and handle any conversion errors.\nSQL Query:\n\nUse LIMIT and OFFSET in the SQL query to fetch the appropriate set of records.\nFrontend Example\nWhen calling this endpoint from the frontend, youΓÇÖd include offset and limit in your request payload:','[\"/static/uploads/bmw-m6-headlignt.jpeg\"]','2024-07-31 20:51:49'),(45,'15','Welcome to WorkNest your ultimate destination for connecting top talent with incredible opportunities! At WorkNest, we specialize in matching skilled professionals with leading companies across various industries. Whether you\'re a seasoned expert or just starting your career, our platform offers a seamless and efficient job search experience. Join WorkNest today and take the next step in your professional journey with confidence and ease. Find your dream job or the perfect candidate right here at WorkNest!','[\"/static/uploads/we_want_you.jpeg\"]','2024-07-31 21:52:52'),(46,'15','window.addEventListener(\'scroll\', () => {\n    // Check if tab1 is selected\n    if (document.getElementById(\'tab1\').checked) {\n        // Check if the user has scrolled to the bottom\n        if (window.innerHeight + window.scrollY >= document.body.offsetHeight) {\n            currentOffset += chunkSize;\n            updatehomeposts(currentOffset);\n            // Uncomment this if you want to scroll to the top after loading new posts\n            /*\n            window.scrollTo({\n                top: 0,\n                behavior: \'smooth\'  // Use \'smooth\' for smooth scrolling or \'auto\' for instant\n            });\n            */\n        }\n    }\n});','[\"/static/uploads/forest-a1.jpeg\"]','2024-07-31 22:09:28'),(47,'15','window.addEventListener(\'scroll\', () => {\n    // Check if tab1 is selected\n    if (document.getElementById(\'tab1\').checked) {\n        // Check if the user has scrolled to the bottom\n        if (window.innerHeight + window.scrollY >= document.body.offsetHeight) {\n            currentOffset += chunkSize;\n            updatehomeposts(currentOffset);\n            // Uncomment this if you want to scroll to the top after loading new posts\n            /*\n            window.scrollTo({\n                top: 0,\n                behavior: \'smooth\'  // Use \'smooth\' for smooth scrolling or \'auto\' for instant\n            });\n            */\n        }\n    }\n});window.addEventListener(\'scroll\', () => {\n    // Check if tab1 is selected\n    if (document.getElementById(\'tab1\').checked) {\n        // Check if the user has scrolled to the bottom\n        if (window.innerHeight + window.scrollY >= document.body.offsetHeight) {\n            currentOffset += chunkSize;\n            updatehomeposts(currentOffset);\n            // Uncomment this if you want to scroll to the top after loading new posts\n            /*\n            window.scrollTo({\n                top: 0,\n                behavior: \'smooth\'  // Use \'smooth\' for smooth scrolling or \'auto\' for instant\n            });\n            */\n        }\n    }\n});','[\"/static/uploads/clane2.png\"]','2024-07-31 22:09:54'),(48,'15','\nTo allow users to open notifications from a list, we can modify the example to include a list of notifications. When a user clicks on a notification from the list, it will be displayed in the notification container.','[\"/static/uploads/quantum.jpeg\"]','2024-08-01 18:30:37'),(49,'16','           const updatedSendButtons = document.querySelectorAll(\'.leavecomment .send_post_chat\');\n        \n\n            updatedSendButtons.forEach(button => {\n                button.addEventListener(\'click\', (event) => {\n                    event.preventDefault();\n                    const commentElement = button.previousElementSibling;\n                    const msg = commentElement.textContent.trim();\n                    const userid = document.getElementById(\'myprroom\').textContent.trim();\n                    const postId = button.getAttribute(\'chat-post-id\');\n        \n                    console.log(\"Button clicked\");\n                    console.log(\"message is:\", msg);\n                    console.log(\"user:\", userid);\n                    console.log(\"Post id:\", postId);\n        \n                    if (msg && userid && postId) {\n                        commentElement.textContent = \"\";\n        \n                        fetch(\'/sendmessaege\', {\n                            method: \'POST\',\n                            headers: {\n                                \'Content-Type\': \'application/json\'\n                            },\n                            body: JSON.stringify({ userid: userid, message: msg, post_id: postId })\n                        })\n                        .then(response => response.json())\n                        .then(data => {\n                            if (data.error) {\n                                console.error(\'Failed to send message:\', data.error);\n                                return;\n                            }\n        \n                            console.log(\'message sent successfully\');\n                        })\n                        .catch(error => {\n                            console.error(\'Error:\', error);\n                        });\n                    }\n                });\n            });\n\n            const open_comments = document.querySelectorAll(\'.comments\');\n            open_comments.forEach(comments => {\n                if (!comments.dataset.listenerAdded) { // Check if listener was added before\n                    comments.addEventListener(\'click\', () => {\n                        const chatpostid = comments.getAttribute(\'post-id\');\n                        console.log(\"postid in chat:\", chatpostid);\n                        if (chatpostid) {     \n                            fetch(\'/fetchmessages\', {\n                                method: \'POST\',\n                                headers: {\n                                    \'Content-Type\': \'application/json\'\n                                },\n                                body: JSON.stringify({ post_id: chatpostid })\n                            })\n                            .then(response => response.json())\n                            .then(data => {\n                                if (data.error) {\n                                    console.error(\'Failed to load message:\', data.error);\n                                    return;\n                                }\n                                const fetchedChatsContainers = document.querySelectorAll(\'.fetchedchatscontainer\');\n                                fetchedChatsContainers.forEach(container => {\n                                    if (container.getAttribute(\'auth_id\') === chatpostid) {\n                                        container.innerHTML = \'\'; // Clear previous chats\n                                        container.classList.toggle(\'activecontainer_container\')\n                                        \n                                        const allchats = data.chats;\n                                        allchats.forEach(chat => {\n                                            const postid = chat.postid;\n                                            const userid = chat.userid;\n                                            const username = chat.username;\n                                            const profilepic = chat.profilepic;\n                                            const availchats = chat.availchats; // Renamed to avoid conflict\n                                            const time = chat.timestamp;\n                                            console.log(`Post ID: ${postid}, User ID: ${userid}, Chat: ${availchats}, Timestamp: ${time}`);\n                                            \n                                            const chatHTML = `\n                                                <div class=\"fetchedchats\">\n                                                    <img src=\"${profilepic}\" alt=\"replier\">\n                                                    <div class=\"content\">\n                                                        <p class=\"replier\">${username}</p>\n                                                        <p class=\"replies\">${availchats}</p>\n                                                    </div>\n                                                </div>\n                                            `;\n                                            container.innerHTML += chatHTML;\n                                        });\n                                        console.log(\'Messages loaded successfully\');\n                                    }\n                                });\n                            })\n                            .catch(error => {\n                                console.error(\'Error:\', error);\n                            });\n                        }\n                    });\n                    comments.dataset.listenerAdded = \'true\'; // Mark that listener has been added\n                }\n            });\n','[\"/static/uploads/cracking_codes.jpeg\"]','2024-08-01 18:33:39'),(50,'15','heloo earth','[\"/static/uploads/forest-a2.jpeg\"]','2024-08-02 06:26:37'),(51,'12','Hello! How can I assist you today?','[\"/static/uploads/chef.jpg\"]','2024-08-02 06:34:25'),(52,'12','Hello! How can I assist you today?Hello! How can I assist you today?','[\"/static/uploads/computingimage.jpg\"]','2024-08-02 06:36:06'),(53,'15','posttimeposttimeposttimeposttime','[\"/static/uploads/compit.jpg\"]','2024-08-02 06:41:14'),(54,'15','function updatePostTimes() {\n    const postTimes = document.querySelectorAll(\'.post-time\');\n    postTimes.forEach(postTime => {\n        const time = postTime.getAttribute(\'data-time\');\n        postTime.textContent = timeAgo(time);\n    });\n}\n\nsetInterval(updatePostTimes, 6000); // Update every 60 seconds\nfunction timeAgo(time) {\n    const now = new Date();\n    const postTime = new Date(time);\n    const diffInSeconds = Math.floor((now - postTime) / 1000);','[\"/static/uploads/clane.jpeg\"]','2024-08-02 06:52:46'),(55,'16','\nIt looks like there\'s a typo in the class name of your HTML element. In your HTML, the class is nofication-container, but in your JavaScript, you\'re querying for notification-container.\n\nTo fix this, make sure the class name is consistent between your HTML and JavaScript. Here\'s the corrected version:','[\"/static/uploads/download.jpeg\"]','2024-08-02 07:44:37'),(56,'16','def savenotification(userid, hostid, postid, type):\n    try:\n        # Use parameterized query to avoid SQL injection and syntax errors\n        mycursor.execute(\"\"\"\n            INSERT INTO notifications (user_id, hostid, postid, type) \n            VALUES (%s, %s, %s, %s)\n        \"\"\", (userid, hostid, postid, type))\n\n        mydb.commit()\n        mycursor.execute(\'SELECT notyid, registration_date FROM notifications WHERE user_id = %s AND postid = %s ORDER BY notyid DESC LIMIT 1\', (userid, postid))\n        out = mycursor.fetchone()\n        return out[0], out[1]\n    except Exception as err:\n        print(err)\n        return None, None','[\"/static/uploads/treeimage.jpeg\"]','2024-08-02 12:04:47'),(57,'16','def savenotification(userid, hostid, postid, type):\n    try:\n        # Use parameterized query to avoid SQL injection and syntax errors\n        mycursor.execute(\"\"\"\n            INSERT INTO notifications (user_id, hostid, postid, type) \n            VALUES (%s, %s, %s, %s)\n        \"\"\", (userid, hostid, postid, type))\n\n        mydb.commit()\n        mycursor.execute(\'SELECT notyid, registration_date FROM notifications WHERE user_id = %s AND postid = %s ORDER BY notyid DESC LIMIT 1\', (userid, postid))\n        out = mycursor.fetchone()\n        return out[0], out[1]\n    except Exception as err:\n        print(err)\n        return None, None','[\"/static/uploads/tree.jpg\"]','2024-08-02 12:05:57'),(58,'12','Explanation\nCorrected HTML Tag: Changed <stromg> to <strong>.\nMessage Formatting: This formats the sender\'s name in bold, followed by the formatted date, message content, and file data.\nExample HTML\nMake sure you have an element with the ID messageElement in your HTML:','\"\"','2024-08-02 19:51:20'),(59,'12','Explanation\nCorrected HTML Tag: Changed <stromg> to <strong>.\nMessage Formatting: This formats the sender\'s name in bold, followed by the formatted date, message content, and file data.\nExample HTML\nMake sure you have an element with the ID messageElement in your HTML:','[\"/static/uploads/earth5.jpg\"]','2024-08-02 19:54:36'),(60,'12','document.querySelector(\"#post-content\").value = \"\";\n            filesInPost.value = \"\";\n            document.getElementById(\'slidesContainer\').innerHTML =\'\';\n            document.getElementById(\'bulletsContainer\').innerHTML = \'\';','\"\"','2024-08-02 19:57:03'),(61,'12','document.querySelector(\"#post-content\").value = \"\";\n            filesInPost.value = \"\";\n            document.getElementById(\'slidesContainer\').innerHTML =\'\';\n            document.getElementById(\'bulletsContainer\').innerHTML = \'\';','\"\"','2024-08-02 19:57:17'),(62,'15','\nKenya, located in East Africa, is renowned for its diverse landscapes, ranging from savannahs and the Great Rift Valley to mountain highlands and coastal beaches along the Indian Ocean. Its capital, Nairobi, is a vibrant hub of commerce and culture. Kenya is famous for its wildlife, with numerous national parks and reserves like the Maasai Mara, where the Great Migration occurs. The country has a rich cultural heritage, with over 40 ethnic groups, each contributing to its colorful traditions and languages. Agriculture and tourism are key economic sectors, with tea, coffee, and safari tourism being major contributors.','[\"/static/uploads/bmw-m6-headlignt.jpeg\", \"/static/uploads/bmw-m6-blue.jpg\", \"/static/uploads/bmw-m6-black-onroad.jpeg\", \"/static/uploads/bmw-m6-interior.jpeg\", \"/static/uploads/bmw-m6-white.jpeg\", \"/static/uploads/bmw-m6-red.jpeg\", \"/static/uploads/bmw-m6-grey.jpg\"]','2024-08-02 20:40:12'),(63,'15','ted on your post\n\n7 days ago\n\nProfile Picture\nnicholas commented on your post\n\n7 days ag','[]','2024-08-10 13:07:38');
/*!40000 ALTER TABLE `worknestposts` ENABLE KEYS */;
UNLOCK TABLES;

--
-- Table structure for table `worknestusers`
--

DROP TABLE IF EXISTS `worknestusers`;
/*!40101 SET @saved_cs_client     = @@character_set_client */;
/*!50503 SET character_set_client = utf8mb4 */;
CREATE TABLE `worknestusers` (
  `user_id` int NOT NULL AUTO_INCREMENT,
  `id` varchar(255) DEFAULT NULL,
  `phone` varchar(15) DEFAULT NULL,
  `profile_pic` varchar(255) DEFAULT NULL,
  `history` varchar(1000) DEFAULT NULL,
  `intrest` json DEFAULT NULL,
  `email` varchar(255) NOT NULL,
  `username` varchar(50) NOT NULL,
  `password` varchar(255) DEFAULT NULL,
  `google_id` varchar(255) DEFAULT NULL,
  `login_method` enum('email','google') NOT NULL,
  `birthdate` date DEFAULT NULL,
  `gender` enum('male','female','other') DEFAULT NULL,
  `address` varchar(255) DEFAULT NULL,
  `city` varchar(100) DEFAULT NULL,
  `country` varchar(100) DEFAULT NULL,
  `registration_date` timestamp NULL DEFAULT CURRENT_TIMESTAMP,
  `last_login` timestamp NULL DEFAULT NULL,
  `status` enum('active','inactive','banned') DEFAULT 'active',
  `subscription_level` enum('free','basic','premium') DEFAULT 'free',
  `description` varchar(255) DEFAULT NULL,
  `preferences` json DEFAULT NULL,
  `linkedinUrl` varchar(255) DEFAULT NULL,
  `whatsappUrl` varchar(255) DEFAULT NULL,
  `facebookUrl` varchar(255) DEFAULT NULL,
  `tiktokUrl` varchar(255) DEFAULT NULL,
  `userLanguages` json DEFAULT NULL,
  PRIMARY KEY (`user_id`),
  UNIQUE KEY `email` (`email`),
  UNIQUE KEY `username` (`username`),
  UNIQUE KEY `id` (`id`)
) ENGINE=InnoDB AUTO_INCREMENT=23 DEFAULT CHARSET=utf8mb4 COLLATE=utf8mb4_0900_ai_ci;
/*!40101 SET character_set_client = @saved_cs_client */;

--
-- Dumping data for table `worknestusers`
--

LOCK TABLES `worknestusers` WRITE;
/*!40000 ALTER TABLE `worknestusers` DISABLE KEYS */;
INSERT INTO `worknestusers` VALUES (12,'12','7415402','/static/uploads/forest-a2.jpeg',NULL,'\"\"','peter@gmail.com','peter','$2b$12$WnBOcpQZuRI484YHfS4xTOYKkovzqpREc/CPaJky0YYJGfPbuUudu',NULL,'email','2024-07-02','male',NULL,'','','2024-07-25 11:57:06',NULL,'active','free',NULL,NULL,'','','','','\"\"'),(13,'108791275357246575014','0741540233','https://lh3.googleusercontent.com/a/ACg8ocKMlFw1dgEAfOx1UN-mMSLJDqEPdYlD8G9v3dXHKOBvaoP19JtS=s96-c',NULL,'\"Design Thinking\"','sc20130312023@student.mut.ac.ke','Nicholas Kariuki',NULL,NULL,'email','2024-07-01','male',NULL,'nairobi','Kenya','2024-07-25 14:11:20',NULL,'active','free',NULL,NULL,'www.mutcok','ww.whtsapp','www.facbook','www.tiktok','\"French\"'),(15,'15','0123456769','',NULL,'\"Researching\"','nicholas@gmail.com','nicholas','$2b$12$l68opnVdQljCC74WebMudeQ61aCS6WSXgqL5MzJv4UWv6M/tbVXnq',NULL,'email','2024-07-02','male',NULL,'','kedef','2024-07-29 16:01:26',NULL,'active','free',NULL,NULL,'','','','','\"Swahili,English\"'),(16,'16','0123456769','/static/uploads/forest-a1.jpeg',NULL,'\"\"','Faith@gmail.com','Faith','$2b$12$MxoDcIQLd17j3DGrQXG0jeIeEUA4h.UfswSN0Pt8fzrCoUGerZcgu',NULL,'email','2024-07-10','female',NULL,'','','2024-07-29 16:11:13',NULL,'active','free',NULL,NULL,'','','','','\"\"');
/*!40000 ALTER TABLE `worknestusers` ENABLE KEYS */;
UNLOCK TABLES;

--
-- Table structure for table `worknestusersbackground`
--

DROP TABLE IF EXISTS `worknestusersbackground`;
/*!40101 SET @saved_cs_client     = @@character_set_client */;
/*!50503 SET character_set_client = utf8mb4 */;
CREATE TABLE `worknestusersbackground` (
  `user_id` varchar(255) NOT NULL,
  `id` int NOT NULL AUTO_INCREMENT,
  `university` varchar(255) DEFAULT NULL,
  `start_date` date DEFAULT NULL,
  `end_date` date DEFAULT NULL,
  `achievements` text,
  `organisation` varchar(255) DEFAULT NULL,
  `org_start_date` date DEFAULT NULL,
  `org_end_date` date DEFAULT NULL,
  `position` text,
  `projectname` varchar(255) DEFAULT NULL,
  `description` text,
  `registration_date` timestamp NULL DEFAULT CURRENT_TIMESTAMP,
  `preferences` json DEFAULT NULL,
  PRIMARY KEY (`id`),
  KEY `wb_user_id` (`user_id`),
  CONSTRAINT `wb_user_id` FOREIGN KEY (`user_id`) REFERENCES `worknestusers` (`id`)
) ENGINE=InnoDB AUTO_INCREMENT=34 DEFAULT CHARSET=utf8mb4 COLLATE=utf8mb4_0900_ai_ci;
/*!40101 SET character_set_client = @saved_cs_client */;

--
-- Dumping data for table `worknestusersbackground`
--

LOCK TABLES `worknestusersbackground` WRITE;
/*!40000 ALTER TABLE `worknestusersbackground` DISABLE KEYS */;
INSERT INTO `worknestusersbackground` VALUES ('108791275357246575014',3,'69O67O678','2024-07-02','2024-07-01','689678967896789',NULL,NULL,NULL,NULL,NULL,NULL,'2024-07-25 21:06:50',NULL),('108791275357246575014',4,NULL,'2024-07-08','2024-07-09',NULL,'679867896789678',NULL,NULL,'68967896789678967',NULL,NULL,'2024-07-25 21:06:50',NULL),('108791275357246575014',5,NULL,NULL,NULL,NULL,NULL,NULL,NULL,NULL,'INJUSTICE','Y463456345634563456','2024-07-25 21:06:50',NULL),('108791275357246575014',6,'egwergwe','2024-07-02','2024-07-02','rgwergwergw',NULL,NULL,NULL,NULL,NULL,NULL,'2024-07-29 21:11:10',NULL),('108791275357246575014',7,NULL,'2024-07-02','2024-07-02',NULL,'grwerg',NULL,NULL,'egrwergwe',NULL,NULL,'2024-07-29 21:11:10',NULL),('108791275357246575014',8,NULL,NULL,NULL,NULL,NULL,NULL,NULL,NULL,'wergwegr','wegweg','2024-07-29 21:11:10',NULL),('108791275357246575014',9,NULL,NULL,NULL,NULL,NULL,NULL,NULL,NULL,'','','2024-07-29 21:48:41',NULL),('108791275357246575014',10,NULL,NULL,NULL,NULL,NULL,NULL,NULL,NULL,'','','2024-07-29 21:52:41',NULL),('12',11,NULL,NULL,NULL,NULL,NULL,NULL,NULL,NULL,'','','2024-07-29 21:56:17',NULL),('12',12,NULL,NULL,NULL,NULL,NULL,NULL,NULL,NULL,'','','2024-07-30 14:19:59',NULL),('12',13,NULL,NULL,NULL,NULL,NULL,NULL,NULL,NULL,'wergwegr','sdgsdfgsdfgsdfgsdfg','2024-07-30 14:30:11',NULL),('12',14,'fdfgsdfg','2024-07-01','2024-07-02','gsdfgsdfgsdfg',NULL,NULL,NULL,NULL,NULL,NULL,'2024-07-30 14:30:12',NULL),('12',16,NULL,NULL,NULL,NULL,NULL,NULL,NULL,NULL,'345y34y345y3','4y34y34y34y34y','2024-07-30 14:34:36',NULL),('12',17,'3y345y345','2024-07-02','2024-07-01','345y345y34y34',NULL,NULL,NULL,NULL,NULL,NULL,'2024-07-30 14:34:36',NULL),('12',18,NULL,'2024-07-09','2024-07-24',NULL,'3454y34',NULL,NULL,'3y345y345y345y',NULL,NULL,'2024-07-30 14:34:36',NULL),('12',19,NULL,NULL,NULL,NULL,NULL,NULL,NULL,NULL,'','','2024-07-30 14:38:47',NULL),('15',20,NULL,NULL,NULL,NULL,NULL,NULL,NULL,NULL,'','','2024-07-30 15:03:21',NULL),('15',21,NULL,NULL,NULL,NULL,NULL,NULL,NULL,NULL,'','','2024-07-30 15:46:45',NULL),('15',22,NULL,NULL,NULL,NULL,NULL,NULL,NULL,NULL,'','','2024-07-30 15:52:26',NULL),('15',23,NULL,NULL,NULL,NULL,NULL,NULL,NULL,NULL,'','','2024-07-30 15:55:10',NULL),('15',24,NULL,NULL,NULL,NULL,NULL,NULL,NULL,NULL,'','','2024-07-30 15:57:43',NULL),('15',25,NULL,NULL,NULL,NULL,NULL,NULL,NULL,NULL,'','','2024-07-30 15:57:43',NULL),('15',26,NULL,NULL,NULL,NULL,NULL,NULL,NULL,NULL,'','','2024-07-30 15:58:19',NULL),('15',27,NULL,NULL,NULL,NULL,NULL,NULL,NULL,NULL,'','','2024-07-30 15:59:50',NULL),('15',28,NULL,NULL,NULL,NULL,NULL,NULL,NULL,NULL,'','','2024-07-30 16:02:15',NULL),('16',29,NULL,NULL,NULL,NULL,NULL,NULL,NULL,NULL,'','','2024-07-30 22:19:03',NULL),('12',30,NULL,NULL,NULL,NULL,NULL,NULL,NULL,NULL,'','','2024-07-31 13:03:44',NULL),('12',31,NULL,NULL,NULL,NULL,NULL,NULL,NULL,NULL,'','','2024-07-31 13:05:49',NULL),('16',32,NULL,NULL,NULL,NULL,NULL,NULL,NULL,NULL,'','','2024-07-31 13:07:11',NULL),('15',33,NULL,NULL,NULL,NULL,NULL,NULL,NULL,NULL,'','','2024-09-09 07:45:45',NULL);
/*!40000 ALTER TABLE `worknestusersbackground` ENABLE KEYS */;
UNLOCK TABLES;

--
-- Table structure for table `worknestusersskills`
--

DROP TABLE IF EXISTS `worknestusersskills`;
/*!40101 SET @saved_cs_client     = @@character_set_client */;
/*!50503 SET character_set_client = utf8mb4 */;
CREATE TABLE `worknestusersskills` (
  `user_id` varchar(255) NOT NULL,
  `skillid` int NOT NULL AUTO_INCREMENT,
  `skills` text,
  `registration_date` timestamp NULL DEFAULT CURRENT_TIMESTAMP,
  `preferences` json DEFAULT NULL,
  PRIMARY KEY (`skillid`),
  KEY `ws_user_id` (`user_id`),
  CONSTRAINT `ws_user_id` FOREIGN KEY (`user_id`) REFERENCES `worknestusers` (`id`)
) ENGINE=InnoDB AUTO_INCREMENT=184 DEFAULT CHARSET=utf8mb4 COLLATE=utf8mb4_0900_ai_ci;
/*!40101 SET character_set_client = @saved_cs_client */;

--
-- Dumping data for table `worknestusersskills`
--

LOCK TABLES `worknestusersskills` WRITE;
/*!40000 ALTER TABLE `worknestusersskills` DISABLE KEYS */;
INSERT INTO `worknestusersskills` VALUES ('108791275357246575014',53,'L','2024-07-25 21:06:50',NULL),('108791275357246575014',54,'i','2024-07-25 21:06:50',NULL),('108791275357246575014',55,'n','2024-07-25 21:06:50',NULL),('108791275357246575014',56,'u','2024-07-25 21:06:50',NULL),('108791275357246575014',57,'x','2024-07-25 21:06:50',NULL),('108791275357246575014',58,',','2024-07-25 21:06:50',NULL),('108791275357246575014',59,'E','2024-07-25 21:06:50',NULL),('108791275357246575014',60,'l','2024-07-25 21:06:50',NULL),('108791275357246575014',61,'e','2024-07-25 21:06:50',NULL),('108791275357246575014',62,'c','2024-07-25 21:06:50',NULL),('108791275357246575014',63,'t','2024-07-25 21:06:50',NULL),('108791275357246575014',64,'r','2024-07-25 21:06:50',NULL),('108791275357246575014',65,'o','2024-07-25 21:06:50',NULL),('108791275357246575014',66,'n','2024-07-25 21:06:50',NULL),('108791275357246575014',67,',','2024-07-25 21:06:50',NULL),('108791275357246575014',68,'P','2024-07-25 21:06:50',NULL),('108791275357246575014',69,'l','2024-07-25 21:06:50',NULL),('108791275357246575014',70,'a','2024-07-25 21:06:50',NULL),('108791275357246575014',71,'y','2024-07-25 21:06:50',NULL),('108791275357246575014',72,'S','2024-07-25 21:06:50',NULL),('108791275357246575014',73,'t','2024-07-25 21:06:50',NULL),('108791275357246575014',74,'a','2024-07-25 21:06:50',NULL),('108791275357246575014',75,'t','2024-07-25 21:06:50',NULL),('108791275357246575014',76,'i','2024-07-25 21:06:50',NULL),('108791275357246575014',77,'o','2024-07-25 21:06:50',NULL),('108791275357246575014',78,'n','2024-07-25 21:06:50',NULL),('108791275357246575014',79,'B','2024-07-29 21:11:09',NULL),('108791275357246575014',80,'i','2024-07-29 21:11:10',NULL),('108791275357246575014',81,'t','2024-07-29 21:11:10',NULL),('108791275357246575014',82,'c','2024-07-29 21:11:10',NULL),('108791275357246575014',83,'o','2024-07-29 21:11:10',NULL),('108791275357246575014',84,'i','2024-07-29 21:11:10',NULL),('108791275357246575014',85,'n','2024-07-29 21:11:10',NULL),('108791275357246575014',86,',','2024-07-29 21:11:10',NULL),('108791275357246575014',87,'W','2024-07-29 21:11:10',NULL),('108791275357246575014',88,'i','2024-07-29 21:11:10',NULL),('108791275357246575014',89,'n','2024-07-29 21:11:10',NULL),('108791275357246575014',90,'d','2024-07-29 21:11:10',NULL),('108791275357246575014',91,'o','2024-07-29 21:11:10',NULL),('108791275357246575014',92,'w','2024-07-29 21:11:10',NULL),('108791275357246575014',93,'s','2024-07-29 21:11:10',NULL),('108791275357246575014',104,'J','2024-07-29 21:48:40',NULL),('108791275357246575014',105,'a','2024-07-29 21:48:41',NULL),('108791275357246575014',106,'v','2024-07-29 21:48:41',NULL),('108791275357246575014',107,'a','2024-07-29 21:48:41',NULL),('108791275357246575014',108,'S','2024-07-29 21:48:41',NULL),('108791275357246575014',109,'c','2024-07-29 21:48:41',NULL),('108791275357246575014',110,'r','2024-07-29 21:48:41',NULL),('108791275357246575014',111,'i','2024-07-29 21:48:41',NULL),('108791275357246575014',112,'p','2024-07-29 21:48:41',NULL),('108791275357246575014',113,'t','2024-07-29 21:48:41',NULL),('108791275357246575014',114,'B','2024-07-29 21:52:41',NULL),('108791275357246575014',115,'i','2024-07-29 21:52:41',NULL),('108791275357246575014',116,'t','2024-07-29 21:52:41',NULL),('108791275357246575014',117,'c','2024-07-29 21:52:41',NULL),('108791275357246575014',118,'o','2024-07-29 21:52:41',NULL),('108791275357246575014',119,'i','2024-07-29 21:52:41',NULL),('108791275357246575014',120,'n','2024-07-29 21:52:41',NULL),('12',121,'W','2024-07-29 21:56:16',NULL),('12',122,'i','2024-07-29 21:56:16',NULL),('12',123,'n','2024-07-29 21:56:16',NULL),('12',124,'d','2024-07-29 21:56:16',NULL),('12',125,'o','2024-07-29 21:56:17',NULL),('12',126,'w','2024-07-29 21:56:17',NULL),('12',127,'s','2024-07-29 21:56:17',NULL),('12',128,',','2024-07-29 21:56:17',NULL),('12',129,'P','2024-07-29 21:56:17',NULL),('12',130,'y','2024-07-29 21:56:17',NULL),('12',131,'t','2024-07-29 21:56:17',NULL),('12',132,'h','2024-07-29 21:56:17',NULL),('12',133,'o','2024-07-29 21:56:17',NULL),('12',134,'n','2024-07-29 21:56:17',NULL),('12',135,'J','2024-07-30 14:19:55',NULL),('12',136,'a','2024-07-30 14:19:56',NULL),('12',137,'v','2024-07-30 14:19:57',NULL),('12',138,'a','2024-07-30 14:19:57',NULL),('12',139,'S','2024-07-30 14:19:58',NULL),('12',140,'c','2024-07-30 14:19:58',NULL),('12',141,'r','2024-07-30 14:19:58',NULL),('12',142,'i','2024-07-30 14:19:58',NULL),('12',143,'p','2024-07-30 14:19:58',NULL),('12',144,'t','2024-07-30 14:19:58',NULL),('12',145,'J','2024-07-30 14:30:09',NULL),('12',146,'a','2024-07-30 14:30:09',NULL),('12',147,'v','2024-07-30 14:30:09',NULL),('12',148,'a','2024-07-30 14:30:10',NULL),('12',149,'S','2024-07-30 14:30:10',NULL),('12',150,'c','2024-07-30 14:30:10',NULL),('12',151,'r','2024-07-30 14:30:11',NULL),('12',152,'i','2024-07-30 14:30:11',NULL),('12',153,'p','2024-07-30 14:30:11',NULL),('12',154,'t','2024-07-30 14:30:11',NULL),('12',155,'B','2024-07-30 14:34:34',NULL),('12',156,'i','2024-07-30 14:34:34',NULL),('12',157,'t','2024-07-30 14:34:35',NULL),('12',158,'c','2024-07-30 14:34:36',NULL),('12',159,'o','2024-07-30 14:34:36',NULL),('12',160,'i','2024-07-30 14:34:36',NULL),('12',161,'n','2024-07-30 14:34:36',NULL),('12',162,'J','2024-07-30 14:38:45',NULL),('12',163,'a','2024-07-30 14:38:45',NULL),('12',164,'v','2024-07-30 14:38:45',NULL),('12',165,'a','2024-07-30 14:38:45',NULL),('12',166,'S','2024-07-30 14:38:45',NULL),('12',167,'c','2024-07-30 14:38:45',NULL),('12',168,'r','2024-07-30 14:38:46',NULL),('12',169,'i','2024-07-30 14:38:47',NULL),('12',170,'p','2024-07-30 14:38:47',NULL),('12',171,'t','2024-07-30 14:38:47',NULL),('16',172,'P','2024-07-30 22:19:01',NULL),('16',173,'y','2024-07-30 22:19:02',NULL),('16',174,'t','2024-07-30 22:19:03',NULL),('16',175,'h','2024-07-30 22:19:03',NULL),('16',176,'o','2024-07-30 22:19:03',NULL),('16',177,'n','2024-07-30 22:19:03',NULL),('12',178,'P','2024-07-31 13:03:43',NULL),('12',179,'y','2024-07-31 13:03:44',NULL),('12',180,'t','2024-07-31 13:03:44',NULL),('12',181,'h','2024-07-31 13:03:44',NULL),('12',182,'o','2024-07-31 13:03:44',NULL),('12',183,'n','2024-07-31 13:03:44',NULL);
/*!40000 ALTER TABLE `worknestusersskills` ENABLE KEYS */;
UNLOCK TABLES;
/*!40103 SET TIME_ZONE=@OLD_TIME_ZONE */;

/*!40101 SET SQL_MODE=@OLD_SQL_MODE */;
/*!40014 SET FOREIGN_KEY_CHECKS=@OLD_FOREIGN_KEY_CHECKS */;
/*!40014 SET UNIQUE_CHECKS=@OLD_UNIQUE_CHECKS */;
/*!40101 SET CHARACTER_SET_CLIENT=@OLD_CHARACTER_SET_CLIENT */;
/*!40101 SET CHARACTER_SET_RESULTS=@OLD_CHARACTER_SET_RESULTS */;
/*!40101 SET COLLATION_CONNECTION=@OLD_COLLATION_CONNECTION */;
/*!40111 SET SQL_NOTES=@OLD_SQL_NOTES */;

-- Dump completed on 2024-11-01 14:19:33
